{
  "22": {
    "name": "นักท่องเที่ยวชาวจีนจาก อ.หัวหิน",
    "infect": [
      "35",
      "23"
    ],
    "from": [],
    "pos": {
      "x": 0.4663382594417077,
      "y": 0.08498023715415019
    }
  },
  "23": {
    "name": "ชายไทย อาชีพขับขี่รถรับจ้าง อายุ 70 ปี คนขับรถบัส",
    "infect": [],
    "from": [
      "22"
    ],
    "pos": {
      "x": 0.40229885057471265,
      "y": 0.16205533596837945
    }
  },
  "35": {
    "name": "หญิงจีน 68 ปี นักท่องเที่ยว",
    "infect": [],
    "from": [
      "22"
    ],
    "pos": {
      "x": 0.548440065681445,
      "y": 0.12845849802371542
    }
  },
  "36": {
    "name": "หญิงไทย 31 ปี แม่บ้าน",
    "infect": [],
    "from": [],
    "pos": {
      "x": 0.43842364532019706,
      "y": 0.4308300395256917
    }
  },
  "38": {
    "name": "ชายไทย 65 ปี กลับจากญี่ปุ่น",
    "infect": [
      "40"
    ],
    "from": [],
    "pos": {
      "x": 0.7044334975369458,
      "y": 0.5079051383399209
    }
  },
  "39": {
    "name": "หญิงไทย 62 ปี กลับจากญี่ปุ่น",
    "infect": [
      "40"
    ],
    "from": [],
    "pos": {
      "x": 0.5517241379310345,
      "y": 0.5118577075098815
    }
  },
  "40": {
    "name": "เด็กชายไทย 8 ขวบ หลานของ #38, #39",
    "from": [
      "38",
      "39"
    ],
    "infect": [],
    "pos": {
      "x": 0.5993431855500821,
      "y": 0.41106719367588934
    }
  },
  "42": {
    "name": "ชายไทย 21 ปี พนักงานขาย",
    "infect": [],
    "from": [],
    "pos": {
      "x": 0.7323481116584565,
      "y": 0.1541501976284585
    }
  },
  "45": {
    "name": "ชายไทย 42 ปี พนักงานบริษัท",
    "infect": [],
    "from": [
      "cluster-italy"
    ],
    "pos": {
      "x": 0.9326765188834154,
      "y": 0.39723320158102765
    }
  },
  "49": {
    "name": "ชายไทย 40 ปี พนักงานบริษัท",
    "infect": [],
    "from": [
      "cluster-italy"
    ],
    "pos": {
      "x": 0.7175697865353038,
      "y": 0.3438735177865613
    }
  },
  "50": {
    "name": "ชายไทย 40 ปี พนักงานบริษัท",
    "infect": [],
    "from": [
      "cluster-italy"
    ],
    "pos": {
      "x": 0.8292282430213465,
      "y": 0.4268774703557312
    }
  },
  "51": {
    "name": "หญิงไทย 41 ปี ใกล้ชิดกับ #45",
    "from": [
      "51"
    ],
    "infect": [],
    "pos": {
      "x": 0.13957307060755336,
      "y": 0.5237154150197628
    }
  },
  "52": {
    "name": "หญิงไทย 46 ปี ภรรยาของ #53 มีประวัติการเดินทางไปอิตาลี",
    "from": [],
    "infect": [
      "53"
    ],
    "pos": {
      "x": 0.25287356321839083,
      "y": 0.849802371541502
    }
  },
  "53": {
    "name": "หญิงไทย 47 ปี ภรรยาของ #52",
    "from": [
      "52"
    ],
    "infect": [],
    "pos": {
      "x": 0.1444991789819376,
      "y": 0.7292490118577075
    }
  },
  "57": {
    "name": "หญิงไทย 27 ปี มีประวัติการเดินทางไปเกาหลีใต้",
    "from": [],
    "infect": [
      "73",
      "76",
      "74"
    ],
    "pos": {
      "x": 0.8686371100164204,
      "y": 0.9229249011857708
    }
  },
  "59": {
    "name": "หญิงสิงค์โปร์ 36 ปี เจ้าของร้านอาหาร",
    "infect": [
      "110",
      "111"
    ],
    "from": [],
    "pos": {
      "x": 0.5243442909165312,
      "y": 0.22291831512143312
    }
  },
  "71": {
    "name": "หญิงไทย 36 ปี มีประวัติสัมผัสกับกลุ่มผู้ป่วยจากสถานบันเทิง",
    "from": [
      "60-70"
    ],
    "infect": [],
    "pos": {
      "x": 0.2955665024630542,
      "y": 0.11067193675889328
    }
  },
  "72": {
    "name": "ชายไทย 37 ปี มีประวัติสัมผัสกับกลุ่มผู้ป่วยจากสถานบันเทิง",
    "from": [
      "60-70"
    ],
    "infect": [],
    "pos": {
      "x": 0.15763546798029557,
      "y": 0.12055335968379446
    }
  },
  "73": {
    "name": "ชายไทย 19 ปี น้องชายของ #57",
    "from": [
      "57"
    ],
    "infect": [],
    "pos": {
      "x": 0.6354679802955665,
      "y": 0.9130434782608695
    }
  },
  "74": {
    "name": "หญิงไทย 29 ปี เพื่อนของ #57",
    "infect": [
      "75"
    ],
    "from": [
      "57"
    ],
    "pos": {
      "x": 0.7536945812807881,
      "y": 0.7727272727272727
    }
  },
  "75": {
    "name": "ชายไทย 37 ปี เพื่อนของ #74",
    "infect": [],
    "from": [
      "74"
    ],
    "pos": {
      "x": 0.625615763546798,
      "y": 0.7845849802371542
    }
  },
  "76": {
    "name": "หญิงไทย 63 ปี มารดาของ #57",
    "from": [
      "57"
    ],
    "infect": [],
    "pos": {
      "x": 0.8341543513957307,
      "y": 0.7865612648221344
    }
  },
  "82": {
    "name": "ชายไทย 41 ปี นักแสดงชื่อดัง มีประวัติการเดินทางไปสนามมวย",
    "from": [
      "cluster-lumpini"
    ],
    "infect": [],
    "pos": {
      "x": 0.32019704433497537,
      "y": 0.6936758893280632
    }
  },
  "cluster-italy": {
    "name": "กลุ่มเที่ยวบริษัท กลับจากอิตาลีเมื่อ 2 มีนาคม 63",
    "infect": [
      "45",
      "49",
      "50"
    ],
    "from": [],
    "pos": {
      "x": 0.8308702791461412,
      "y": 0.2707509881422925
    }
  },
  "import-hkg": {
    "name": "นักท่องเที่ยวชาวฮ่องกง ไม่ทราบรายละเอียด",
    "infect": [
      "cluster-thonglor"
    ],
    "from": [],
    "pos": {
      "x": 0.3251231527093596,
      "y": 0.4525691699604743
    }
  },
  "cluster-thonglor": {
    "name": "สถานบันเทิงย่านทองหล่อ",
    "from": [
      "import-hkg"
    ],
    "infect": [
      "60-70",
      "92-94"
    ],
    "pos": {
      "x": 0.19047619047619047,
      "y": 0.3695652173913043
    }
  },
  "60-70": {
    "group": true,
    "amount": 11,
    "name": "ผู้ป่วยกลุ่ม 11 คน (ชายไทย 5 คน หญิง 6 คน) ร่วมกลุ่มสังสรรค์กับผู้ติดเชื้อฮ่องกงที่ย่านทองหล่อ",
    "from": [
      "cluster-thonglor"
    ],
    "infect": [
      "71",
      "72",
      "92-94",
      "95-99",
      "122-124"
    ],
    "pos": {
      "x": 0.2676518883415435,
      "y": 0.2450592885375494
    }
  },
  "95-99": {
    "group": true,
    "amount": 5,
    "from": [
      "cluster-thonglor"
    ],
    "name": "ผู้ป่วย 5 คน ชาวไทย ไม่ระบุรายละเอียด มีประวัติเชื่อมโยงกับสถานบันเทิงย่านทองหล่อ",
    "infect": [],
    "pos": {
      "x": 0.34318555008210183,
      "y": 0.3616600790513834
    }
  },
  "122-124": {
    "group": true,
    "amount": 3,
    "from": [
      "cluster-thonglor"
    ],
    "name": "ผู้ป่วย 3 คน ชาวไทย ไม่ระบุรายละเอียด มีประวัติเชื่อมโยงกับสถานบันเทิงย่านทองหล่อ",
    "infect": [],
    "pos": {
      "x": 0.059113300492610835,
      "y": 0.29446640316205536
    }
  },
  "cluster-lumpini": {
    "name": "สนามมวย ลุมพินี",
    "infect": [
      "82",
      "83-91",
      "115-121",
      "148-158"
    ],
    "from": [],
    "pos": {
      "x": 0.4482758620689655,
      "y": 0.6541501976284585
    }
  },
  "83-91": {
    "group": true,
    "amount": 9,
    "from": [
      "cluster-lumpini"
    ],
    "name": "ผู้ป่วย 9 คน ชาวไทย ไม่ระบุรายละเอียด มีประวัติเชื่อมโยงกับสนามมวยลุมพินี",
    "infect": [],
    "pos": {
      "x": 0.5467980295566502,
      "y": 0.7094861660079052
    }
  },
  "115-121": {
    "group": true,
    "amount": 7,
    "from": [
      "cluster-lumpini"
    ],
    "name": "ผู้ป่วย 7 คน ชาวไทย ไม่ระบุรายละเอียด มีประวัติเชื่อมโยงกับสนามมวยลุมพินี",
    "infect": [],
    "pos": {
      "x": 0.4663382594417077,
      "y": 0.8814229249011858
    }
  },
  "145-158": {
    "group": true,
    "amount": 14,
    "from": [
      "cluster-lumpini"
    ],
    "name": "ผู้ป่วย 14 คน ชาวไทย ไม่ระบุรายละเอียด มีประวัติเชื่อมโยงกับสนามมวยลุมพินี",
    "infect": [],
    "pos": {
      "x": 0.8866995073891626,
      "y": 0.1007905138339921
    }
  }
}
